time,model,task,arena,block,status,pred_hash,baseline_hash,n_rows,subset,refs,note
2026-10-02T19:04:44+10:00,dryrun_g2,P1_R30,dev,TEST,new,12abd87370a7612f,ec7d501bee16d54e,296073,dam_like+octmar+at_risk,,"first TEST look; DRY RUN (rehearsal): models fitted on nsw_cw only, judged on wvic_sesa; NOT the development TEST result"
2026-10-02T19:04:58+10:00,dryrun_tidemark,P1_R30,dev,TEST,new,89554e323aa45917,ec7d501bee16d54e,296073,dam_like+octmar+at_risk,dryrun_g2,"first TEST look; DRY RUN (rehearsal): models fitted on nsw_cw only, judged on wvic_sesa; NOT the development TEST result"
2026-10-02T19:05:14+10:00,dryrun_g2,P1_R30,dev,TEST,same_predictions,12abd87370a7612f,82648e8ee15f0dc5,296073,persistent+octmar+at_risk,,"identical to the first call; DRY RUN (rehearsal): models fitted on nsw_cw only, judged on wvic_sesa; NOT the development TEST result"
2026-10-02T19:05:20+10:00,dryrun_tidemark,P1_R30,dev,TEST,same_predictions,89554e323aa45917,82648e8ee15f0dc5,296073,persistent+octmar+at_risk,dryrun_g2,"identical to the first call; DRY RUN (rehearsal): models fitted on nsw_cw only, judged on wvic_sesa; NOT the development TEST result"
2026-10-02T19:05:25+10:00,dryrun_g2,P1_R30,dev,TEST,same_predictions,12abd87370a7612f,ec7d501bee16d54e,296073,dam_like+at_risk,,"identical to the first call; DRY RUN (rehearsal): models fitted on nsw_cw only, judged on wvic_sesa; NOT the development TEST result"
2026-10-02T19:05:35+10:00,dryrun_tidemark,P1_R30,dev,TEST,same_predictions,89554e323aa45917,ec7d501bee16d54e,296073,dam_like+at_risk,dryrun_g2,"identical to the first call; DRY RUN (rehearsal): models fitted on nsw_cw only, judged on wvic_sesa; NOT the development TEST result"
2026-10-02T19:05:45+10:00,dryrun_g2,P1_R30_sens,dev,TEST,new,12abd87370a7612f,ec7d501bee16d54e,296073,dam_like+octmar+at_risk,,"first TEST look; DRY RUN (rehearsal): models fitted on nsw_cw only, judged on wvic_sesa; NOT the development TEST result"
2026-10-02T19:05:52+10:00,dryrun_tidemark,P1_R30_sens,dev,TEST,new,89554e323aa45917,ec7d501bee16d54e,296073,dam_like+octmar+at_risk,dryrun_g2,"first TEST look; DRY RUN (rehearsal): models fitted on nsw_cw only, judged on wvic_sesa; NOT the development TEST result"
2026-10-02T19:06:02+10:00,dryrun_g2,P1_D0,dev,TEST,new,7cd7b98c198c4846,a674280a662c2853,356644,dam_like+octmar+at_risk,,"first TEST look; DRY RUN (rehearsal): models fitted on nsw_cw only, judged on wvic_sesa; NOT the development TEST result"
2026-10-02T19:06:18+10:00,dryrun_tidemark,P1_D0,dev,TEST,new,b1ff3df85861cef9,a674280a662c2853,356644,dam_like+octmar+at_risk,dryrun_g2,"first TEST look; DRY RUN (rehearsal): models fitted on nsw_cw only, judged on wvic_sesa; NOT the development TEST result"
2026-10-02T19:06:36+10:00,dryrun_g2,P1_D0,dev,TEST,same_predictions,7cd7b98c198c4846,e9e4cba46c955aef,356644,persistent+octmar+at_risk,,"identical to the first call; DRY RUN (rehearsal): models fitted on nsw_cw only, judged on wvic_sesa; NOT the development TEST result"
2026-10-02T19:06:42+10:00,dryrun_tidemark,P1_D0,dev,TEST,same_predictions,b1ff3df85861cef9,e9e4cba46c955aef,356644,persistent+octmar+at_risk,dryrun_g2,"identical to the first call; DRY RUN (rehearsal): models fitted on nsw_cw only, judged on wvic_sesa; NOT the development TEST result"
2026-10-02T19:06:48+10:00,dryrun_g2,P1_D0,dev,TEST,same_predictions,7cd7b98c198c4846,a674280a662c2853,356644,dam_like+at_risk,,"identical to the first call; DRY RUN (rehearsal): models fitted on nsw_cw only, judged on wvic_sesa; NOT the development TEST result"
2026-10-02T19:06:59+10:00,dryrun_tidemark,P1_D0,dev,TEST,same_predictions,b1ff3df85861cef9,a674280a662c2853,356644,dam_like+at_risk,dryrun_g2,"identical to the first call; DRY RUN (rehearsal): models fitted on nsw_cw only, judged on wvic_sesa; NOT the development TEST result"
2026-10-02T19:07:11+10:00,dryrun_g2,P1_D0_sens,dev,TEST,new,7cd7b98c198c4846,a674280a662c2853,356644,dam_like+octmar+at_risk,,"first TEST look; DRY RUN (rehearsal): models fitted on nsw_cw only, judged on wvic_sesa; NOT the development TEST result"
2026-10-02T19:07:19+10:00,dryrun_tidemark,P1_D0_sens,dev,TEST,new,b1ff3df85861cef9,a674280a662c2853,356644,dam_like+octmar+at_risk,dryrun_g2,"first TEST look; DRY RUN (rehearsal): models fitted on nsw_cw only, judged on wvic_sesa; NOT the development TEST result"
2026-10-02T19:07:30+10:00,dryrun_g2,P1_D0g,dev,TEST,new,1148fd8c10200a84,5b3ea078ecac6da5,356644,dam_like+octmar+at_risk,,"first TEST look; DRY RUN (rehearsal): models fitted on nsw_cw only, judged on wvic_sesa; NOT the development TEST result"
2026-10-02T19:07:46+10:00,dryrun_tidemark,P1_D0g,dev,TEST,new,55e8f0954e98a5c5,5b3ea078ecac6da5,356644,dam_like+octmar+at_risk,dryrun_g2,"first TEST look; DRY RUN (rehearsal): models fitted on nsw_cw only, judged on wvic_sesa; NOT the development TEST result"
2026-10-02T19:08:04+10:00,dryrun_g2,P1_D0g,dev,TEST,same_predictions,1148fd8c10200a84,dedb07199f8408ee,356644,persistent+octmar+at_risk,,"identical to the first call; DRY RUN (rehearsal): models fitted on nsw_cw only, judged on wvic_sesa; NOT the development TEST result"
2026-10-02T19:08:10+10:00,dryrun_tidemark,P1_D0g,dev,TEST,same_predictions,55e8f0954e98a5c5,dedb07199f8408ee,356644,persistent+octmar+at_risk,dryrun_g2,"identical to the first call; DRY RUN (rehearsal): models fitted on nsw_cw only, judged on wvic_sesa; NOT the development TEST result"
2026-10-02T19:08:17+10:00,dryrun_g2,P1_D0g,dev,TEST,same_predictions,1148fd8c10200a84,5b3ea078ecac6da5,356644,dam_like+at_risk,,"identical to the first call; DRY RUN (rehearsal): models fitted on nsw_cw only, judged on wvic_sesa; NOT the development TEST result"
2026-10-02T19:08:28+10:00,dryrun_tidemark,P1_D0g,dev,TEST,same_predictions,55e8f0954e98a5c5,5b3ea078ecac6da5,356644,dam_like+at_risk,dryrun_g2,"identical to the first call; DRY RUN (rehearsal): models fitted on nsw_cw only, judged on wvic_sesa; NOT the development TEST result"
2026-10-02T19:08:40+10:00,dryrun_g2,P1_D0g_sens,dev,TEST,new,1148fd8c10200a84,5b3ea078ecac6da5,356644,dam_like+octmar+at_risk,,"first TEST look; DRY RUN (rehearsal): models fitted on nsw_cw only, judged on wvic_sesa; NOT the development TEST result"
2026-10-02T19:08:48+10:00,dryrun_tidemark,P1_D0g_sens,dev,TEST,new,55e8f0954e98a5c5,5b3ea078ecac6da5,356644,dam_like+octmar+at_risk,dryrun_g2,"first TEST look; DRY RUN (rehearsal): models fitted on nsw_cw only, judged on wvic_sesa; NOT the development TEST result"
2026-10-02T19:09:03+10:00,dryrun_tidemark,R30_curve,dev,TEST,new,b745c9f9f28100f8,14054353103b8328,296073,dam_like+octmar+at_risk,,"first TEST look; DRY RUN (rehearsal): models fitted on nsw_cw only, judged on wvic_sesa; NOT the development TEST result"
2026-10-02T19:09:57+10:00,dryrun_tidemark,R30_curve,dev,TEST,same_predictions,b745c9f9f28100f8,14054353103b8328,296073,dam_like+at_risk,,"identical to the first call; DRY RUN (rehearsal): models fitted on nsw_cw only, judged on wvic_sesa; NOT the development TEST result"
2026-10-02T19:10:30+10:00,dryrun_tidemark,R30_curve,dev,TEST,same_predictions,b745c9f9f28100f8,f2f1844e67cce423,296073,persistent+octmar+at_risk,,"identical to the first call; DRY RUN (rehearsal): models fitted on nsw_cw only, judged on wvic_sesa; NOT the development TEST result"
2026-10-02T19:10:56+10:00,dryrun_tidemark,D0_curve,dev,TEST,new,0565366192468cc0,0efe91c118f113dd,356644,dam_like+octmar+at_risk,,"first TEST look; DRY RUN (rehearsal): models fitted on nsw_cw only, judged on wvic_sesa; NOT the development TEST result"
2026-10-02T19:11:58+10:00,dryrun_tidemark,D0_curve,dev,TEST,same_predictions,0565366192468cc0,0efe91c118f113dd,356644,dam_like+at_risk,,"identical to the first call; DRY RUN (rehearsal): models fitted on nsw_cw only, judged on wvic_sesa; NOT the development TEST result"
2026-10-02T19:12:38+10:00,dryrun_tidemark,D0_curve,dev,TEST,same_predictions,0565366192468cc0,417978f63bf51732,356644,persistent+octmar+at_risk,,"identical to the first call; DRY RUN (rehearsal): models fitted on nsw_cw only, judged on wvic_sesa; NOT the development TEST result"
2026-10-02T19:12:56+10:00,dryrun_rain,P2_cell,dev,TEST,new,b4e9bd81f190c940,3d8c7c38cfea325e,6680,all,,"first TEST look; DRY RUN (rehearsal): models fitted on nsw_cw only, judged on wvic_sesa; NOT the development TEST result"
2026-10-02T19:12:58+10:00,dryrun_rain+,P2_cell,dev,TEST,new,be3112da27c1ccc5,3d8c7c38cfea325e,6680,all,,"first TEST look; DRY RUN (rehearsal): models fitted on nsw_cw only, judged on wvic_sesa; NOT the development TEST result"
2026-10-02T19:12:59+10:00,dryrun_b2,P2_cell,dev,TEST,new,4d3069cbf6a25d06,3d8c7c38cfea325e,6680,all,,"first TEST look; DRY RUN (rehearsal): models fitted on nsw_cw only, judged on wvic_sesa; NOT the development TEST result"
2026-10-02T19:13:01+10:00,dryrun_tidemark,P2_cell,dev,TEST,new,6d39131ce6ebc9ba,3d8c7c38cfea325e,6680,all,dryrun_rain;dryrun_rain+;dryrun_b2,"first TEST look; DRY RUN (rehearsal): models fitted on nsw_cw only, judged on wvic_sesa; NOT the development TEST result"
2026-10-02T19:13:04+10:00,dryrun_rain,P2_dam,dev,TEST,new,42d71be4589e706b,6017bb76e91742fc,7890,dam_like,,"first TEST look; DRY RUN (rehearsal): models fitted on nsw_cw only, judged on wvic_sesa; NOT the development TEST result"
2026-10-02T19:13:05+10:00,dryrun_rain+,P2_dam,dev,TEST,new,c4d6876ca7721d60,6017bb76e91742fc,7890,dam_like,,"first TEST look; DRY RUN (rehearsal): models fitted on nsw_cw only, judged on wvic_sesa; NOT the development TEST result"
2026-10-02T19:13:07+10:00,dryrun_b2,P2_dam,dev,TEST,new,f25dcdee8f364c6e,6017bb76e91742fc,7890,dam_like,,"first TEST look; DRY RUN (rehearsal): models fitted on nsw_cw only, judged on wvic_sesa; NOT the development TEST result"
2026-10-02T19:13:09+10:00,dryrun_tidemark,P2_dam,dev,TEST,new,00b991bac0afe58d,6017bb76e91742fc,7890,dam_like,dryrun_rain;dryrun_rain+;dryrun_b2,"first TEST look; DRY RUN (rehearsal): models fitted on nsw_cw only, judged on wvic_sesa; NOT the development TEST result"
2026-10-02T19:13:12+10:00,dryrun_rain,P2_dam_g,dev,TEST,new,d16ccb3226ff2d5a,5a39f281d9b02b0c,7890,dam_like,,"first TEST look; DRY RUN (rehearsal): models fitted on nsw_cw only, judged on wvic_sesa; NOT the development TEST result"
2026-10-02T19:13:14+10:00,dryrun_rain+,P2_dam_g,dev,TEST,new,24096b5b6cbfc418,5a39f281d9b02b0c,7890,dam_like,,"first TEST look; DRY RUN (rehearsal): models fitted on nsw_cw only, judged on wvic_sesa; NOT the development TEST result"
2026-10-02T19:13:16+10:00,dryrun_b2,P2_dam_g,dev,TEST,new,2e2486ebca299def,5a39f281d9b02b0c,7890,dam_like,,"first TEST look; DRY RUN (rehearsal): models fitted on nsw_cw only, judged on wvic_sesa; NOT the development TEST result"
2026-10-02T19:13:18+10:00,dryrun_tidemark,P2_dam_g,dev,TEST,new,c4c616bba27fbc20,5a39f281d9b02b0c,7890,dam_like,dryrun_rain;dryrun_rain+;dryrun_b2,"first TEST look; DRY RUN (rehearsal): models fitted on nsw_cw only, judged on wvic_sesa; NOT the development TEST result"
2026-10-02T19:15:16+10:00,dryrun_g2,P1_R30,dev,TEST,same_predictions,12abd87370a7612f,ec7d501bee16d54e,296073,dam_like+octmar+at_risk,,"identical to the first call; DRY RUN (rehearsal): models fitted on nsw_cw only, judged on wvic_sesa; NOT the development TEST result"
2026-10-02T19:15:29+10:00,dryrun_tidemark,P1_R30,dev,TEST,same_predictions,89554e323aa45917,ec7d501bee16d54e,296073,dam_like+octmar+at_risk,dryrun_g2,"identical to the first call; DRY RUN (rehearsal): models fitted on nsw_cw only, judged on wvic_sesa; NOT the development TEST result"
2026-10-02T19:15:44+10:00,dryrun_g2,P1_R30,dev,TEST,same_predictions,12abd87370a7612f,82648e8ee15f0dc5,296073,persistent+octmar+at_risk,,"identical to the first call; DRY RUN (rehearsal): models fitted on nsw_cw only, judged on wvic_sesa; NOT the development TEST result"
2026-10-02T19:15:50+10:00,dryrun_tidemark,P1_R30,dev,TEST,same_predictions,89554e323aa45917,82648e8ee15f0dc5,296073,persistent+octmar+at_risk,dryrun_g2,"identical to the first call; DRY RUN (rehearsal): models fitted on nsw_cw only, judged on wvic_sesa; NOT the development TEST result"
2026-10-02T19:15:55+10:00,dryrun_g2,P1_R30,dev,TEST,same_predictions,12abd87370a7612f,ec7d501bee16d54e,296073,dam_like+at_risk,,"identical to the first call; DRY RUN (rehearsal): models fitted on nsw_cw only, judged on wvic_sesa; NOT the development TEST result"
2026-10-02T19:16:04+10:00,dryrun_tidemark,P1_R30,dev,TEST,same_predictions,89554e323aa45917,ec7d501bee16d54e,296073,dam_like+at_risk,dryrun_g2,"identical to the first call; DRY RUN (rehearsal): models fitted on nsw_cw only, judged on wvic_sesa; NOT the development TEST result"
2026-10-02T19:16:14+10:00,dryrun_g2,P1_R30_sens,dev,TEST,same_predictions,12abd87370a7612f,ec7d501bee16d54e,296073,dam_like+octmar+at_risk,,"identical to the first call; DRY RUN (rehearsal): models fitted on nsw_cw only, judged on wvic_sesa; NOT the development TEST result"
2026-10-02T19:16:20+10:00,dryrun_tidemark,P1_R30_sens,dev,TEST,same_predictions,89554e323aa45917,ec7d501bee16d54e,296073,dam_like+octmar+at_risk,dryrun_g2,"identical to the first call; DRY RUN (rehearsal): models fitted on nsw_cw only, judged on wvic_sesa; NOT the development TEST result"
2026-10-02T19:16:30+10:00,dryrun_g2,P1_D0,dev,TEST,same_predictions,7cd7b98c198c4846,a674280a662c2853,356644,dam_like+octmar+at_risk,,"identical to the first call; DRY RUN (rehearsal): models fitted on nsw_cw only, judged on wvic_sesa; NOT the development TEST result"
2026-10-02T19:16:45+10:00,dryrun_tidemark,P1_D0,dev,TEST,same_predictions,b1ff3df85861cef9,a674280a662c2853,356644,dam_like+octmar+at_risk,dryrun_g2,"identical to the first call; DRY RUN (rehearsal): models fitted on nsw_cw only, judged on wvic_sesa; NOT the development TEST result"
2026-10-02T19:17:02+10:00,dryrun_g2,P1_D0,dev,TEST,same_predictions,7cd7b98c198c4846,e9e4cba46c955aef,356644,persistent+octmar+at_risk,,"identical to the first call; DRY RUN (rehearsal): models fitted on nsw_cw only, judged on wvic_sesa; NOT the development TEST result"
2026-10-02T19:17:08+10:00,dryrun_tidemark,P1_D0,dev,TEST,same_predictions,b1ff3df85861cef9,e9e4cba46c955aef,356644,persistent+octmar+at_risk,dryrun_g2,"identical to the first call; DRY RUN (rehearsal): models fitted on nsw_cw only, judged on wvic_sesa; NOT the development TEST result"
2026-10-02T19:17:14+10:00,dryrun_g2,P1_D0,dev,TEST,same_predictions,7cd7b98c198c4846,a674280a662c2853,356644,dam_like+at_risk,,"identical to the first call; DRY RUN (rehearsal): models fitted on nsw_cw only, judged on wvic_sesa; NOT the development TEST result"
2026-10-02T19:17:25+10:00,dryrun_tidemark,P1_D0,dev,TEST,same_predictions,b1ff3df85861cef9,a674280a662c2853,356644,dam_like+at_risk,dryrun_g2,"identical to the first call; DRY RUN (rehearsal): models fitted on nsw_cw only, judged on wvic_sesa; NOT the development TEST result"
2026-10-02T19:17:37+10:00,dryrun_g2,P1_D0_sens,dev,TEST,same_predictions,7cd7b98c198c4846,a674280a662c2853,356644,dam_like+octmar+at_risk,,"identical to the first call; DRY RUN (rehearsal): models fitted on nsw_cw only, judged on wvic_sesa; NOT the development TEST result"
2026-10-02T19:17:44+10:00,dryrun_tidemark,P1_D0_sens,dev,TEST,same_predictions,b1ff3df85861cef9,a674280a662c2853,356644,dam_like+octmar+at_risk,dryrun_g2,"identical to the first call; DRY RUN (rehearsal): models fitted on nsw_cw only, judged on wvic_sesa; NOT the development TEST result"
2026-10-02T19:17:55+10:00,dryrun_g2,P1_D0g,dev,TEST,same_predictions,1148fd8c10200a84,5b3ea078ecac6da5,356644,dam_like+octmar+at_risk,,"identical to the first call; DRY RUN (rehearsal): models fitted on nsw_cw only, judged on wvic_sesa; NOT the development TEST result"
2026-10-02T19:18:10+10:00,dryrun_tidemark,P1_D0g,dev,TEST,same_predictions,55e8f0954e98a5c5,5b3ea078ecac6da5,356644,dam_like+octmar+at_risk,dryrun_g2,"identical to the first call; DRY RUN (rehearsal): models fitted on nsw_cw only, judged on wvic_sesa; NOT the development TEST result"
2026-10-02T19:18:27+10:00,dryrun_g2,P1_D0g,dev,TEST,same_predictions,1148fd8c10200a84,dedb07199f8408ee,356644,persistent+octmar+at_risk,,"identical to the first call; DRY RUN (rehearsal): models fitted on nsw_cw only, judged on wvic_sesa; NOT the development TEST result"
2026-10-02T19:18:33+10:00,dryrun_tidemark,P1_D0g,dev,TEST,same_predictions,55e8f0954e98a5c5,dedb07199f8408ee,356644,persistent+octmar+at_risk,dryrun_g2,"identical to the first call; DRY RUN (rehearsal): models fitted on nsw_cw only, judged on wvic_sesa; NOT the development TEST result"
2026-10-02T19:18:39+10:00,dryrun_g2,P1_D0g,dev,TEST,same_predictions,1148fd8c10200a84,5b3ea078ecac6da5,356644,dam_like+at_risk,,"identical to the first call; DRY RUN (rehearsal): models fitted on nsw_cw only, judged on wvic_sesa; NOT the development TEST result"
2026-10-02T19:18:49+10:00,dryrun_tidemark,P1_D0g,dev,TEST,same_predictions,55e8f0954e98a5c5,5b3ea078ecac6da5,356644,dam_like+at_risk,dryrun_g2,"identical to the first call; DRY RUN (rehearsal): models fitted on nsw_cw only, judged on wvic_sesa; NOT the development TEST result"
2026-10-02T19:19:01+10:00,dryrun_g2,P1_D0g_sens,dev,TEST,same_predictions,1148fd8c10200a84,5b3ea078ecac6da5,356644,dam_like+octmar+at_risk,,"identical to the first call; DRY RUN (rehearsal): models fitted on nsw_cw only, judged on wvic_sesa; NOT the development TEST result"
2026-10-02T19:19:08+10:00,dryrun_tidemark,P1_D0g_sens,dev,TEST,same_predictions,55e8f0954e98a5c5,5b3ea078ecac6da5,356644,dam_like+octmar+at_risk,dryrun_g2,"identical to the first call; DRY RUN (rehearsal): models fitted on nsw_cw only, judged on wvic_sesa; NOT the development TEST result"
2026-10-02T19:19:23+10:00,dryrun_tidemark,R30_curve,dev,TEST,same_predictions,b745c9f9f28100f8,14054353103b8328,296073,dam_like+octmar+at_risk,,"identical to the first call; DRY RUN (rehearsal): models fitted on nsw_cw only, judged on wvic_sesa; NOT the development TEST result"
2026-10-02T19:20:14+10:00,dryrun_tidemark,R30_curve,dev,TEST,same_predictions,b745c9f9f28100f8,14054353103b8328,296073,dam_like+at_risk,,"identical to the first call; DRY RUN (rehearsal): models fitted on nsw_cw only, judged on wvic_sesa; NOT the development TEST result"
2026-10-02T19:20:45+10:00,dryrun_tidemark,R30_curve,dev,TEST,same_predictions,b745c9f9f28100f8,f2f1844e67cce423,296073,persistent+octmar+at_risk,,"identical to the first call; DRY RUN (rehearsal): models fitted on nsw_cw only, judged on wvic_sesa; NOT the development TEST result"
2026-10-02T19:21:10+10:00,dryrun_tidemark,D0_curve,dev,TEST,same_predictions,0565366192468cc0,0efe91c118f113dd,356644,dam_like+octmar+at_risk,,"identical to the first call; DRY RUN (rehearsal): models fitted on nsw_cw only, judged on wvic_sesa; NOT the development TEST result"
2026-10-02T19:22:13+10:00,dryrun_tidemark,D0_curve,dev,TEST,same_predictions,0565366192468cc0,0efe91c118f113dd,356644,dam_like+at_risk,,"identical to the first call; DRY RUN (rehearsal): models fitted on nsw_cw only, judged on wvic_sesa; NOT the development TEST result"
2026-10-02T19:22:55+10:00,dryrun_tidemark,D0_curve,dev,TEST,same_predictions,0565366192468cc0,417978f63bf51732,356644,persistent+octmar+at_risk,,"identical to the first call; DRY RUN (rehearsal): models fitted on nsw_cw only, judged on wvic_sesa; NOT the development TEST result"
2026-10-02T19:23:14+10:00,dryrun_rain,P2_cell,dev,TEST,same_predictions,b4e9bd81f190c940,3d8c7c38cfea325e,6680,all,,"identical to the first call; DRY RUN (rehearsal): models fitted on nsw_cw only, judged on wvic_sesa; NOT the development TEST result"
2026-10-02T19:23:15+10:00,dryrun_rain+,P2_cell,dev,TEST,same_predictions,be3112da27c1ccc5,3d8c7c38cfea325e,6680,all,,"identical to the first call; DRY RUN (rehearsal): models fitted on nsw_cw only, judged on wvic_sesa; NOT the development TEST result"
2026-10-02T19:23:17+10:00,dryrun_b2,P2_cell,dev,TEST,same_predictions,4d3069cbf6a25d06,3d8c7c38cfea325e,6680,all,,"identical to the first call; DRY RUN (rehearsal): models fitted on nsw_cw only, judged on wvic_sesa; NOT the development TEST result"
2026-10-02T19:23:19+10:00,dryrun_tidemark,P2_cell,dev,TEST,same_predictions,6d39131ce6ebc9ba,3d8c7c38cfea325e,6680,all,dryrun_rain;dryrun_rain+;dryrun_b2,"identical to the first call; DRY RUN (rehearsal): models fitted on nsw_cw only, judged on wvic_sesa; NOT the development TEST result"
2026-10-02T19:23:22+10:00,dryrun_rain,P2_dam,dev,TEST,same_predictions,42d71be4589e706b,6017bb76e91742fc,7890,dam_like,,"identical to the first call; DRY RUN (rehearsal): models fitted on nsw_cw only, judged on wvic_sesa; NOT the development TEST result"
2026-10-02T19:23:23+10:00,dryrun_rain+,P2_dam,dev,TEST,same_predictions,c4d6876ca7721d60,6017bb76e91742fc,7890,dam_like,,"identical to the first call; DRY RUN (rehearsal): models fitted on nsw_cw only, judged on wvic_sesa; NOT the development TEST result"
2026-10-02T19:23:25+10:00,dryrun_b2,P2_dam,dev,TEST,same_predictions,f25dcdee8f364c6e,6017bb76e91742fc,7890,dam_like,,"identical to the first call; DRY RUN (rehearsal): models fitted on nsw_cw only, judged on wvic_sesa; NOT the development TEST result"
2026-10-02T19:23:27+10:00,dryrun_tidemark,P2_dam,dev,TEST,same_predictions,00b991bac0afe58d,6017bb76e91742fc,7890,dam_like,dryrun_rain;dryrun_rain+;dryrun_b2,"identical to the first call; DRY RUN (rehearsal): models fitted on nsw_cw only, judged on wvic_sesa; NOT the development TEST result"
2026-10-02T19:23:30+10:00,dryrun_rain,P2_dam_g,dev,TEST,same_predictions,d16ccb3226ff2d5a,5a39f281d9b02b0c,7890,dam_like,,"identical to the first call; DRY RUN (rehearsal): models fitted on nsw_cw only, judged on wvic_sesa; NOT the development TEST result"
2026-10-02T19:23:32+10:00,dryrun_rain+,P2_dam_g,dev,TEST,same_predictions,24096b5b6cbfc418,5a39f281d9b02b0c,7890,dam_like,,"identical to the first call; DRY RUN (rehearsal): models fitted on nsw_cw only, judged on wvic_sesa; NOT the development TEST result"
2026-10-02T19:23:33+10:00,dryrun_b2,P2_dam_g,dev,TEST,same_predictions,2e2486ebca299def,5a39f281d9b02b0c,7890,dam_like,,"identical to the first call; DRY RUN (rehearsal): models fitted on nsw_cw only, judged on wvic_sesa; NOT the development TEST result"
2026-10-02T19:23:35+10:00,dryrun_tidemark,P2_dam_g,dev,TEST,same_predictions,c4c616bba27fbc20,5a39f281d9b02b0c,7890,dam_like,dryrun_rain;dryrun_rain+;dryrun_b2,"identical to the first call; DRY RUN (rehearsal): models fitted on nsw_cw only, judged on wvic_sesa; NOT the development TEST result"
2026-10-02T19:36:21+10:00,dryrun_g2,P1_R30,dev,TEST,same_predictions,12abd87370a7612f,ec7d501bee16d54e,296073,dam_like+octmar+at_risk,,"identical to the first call; DRY RUN (rehearsal): models fitted on nsw_cw only, judged on wvic_sesa; NOT the development TEST result"
2026-10-02T19:36:34+10:00,dryrun_tidemark,P1_R30,dev,TEST,same_predictions,89554e323aa45917,ec7d501bee16d54e,296073,dam_like+octmar+at_risk,dryrun_g2,"identical to the first call; DRY RUN (rehearsal): models fitted on nsw_cw only, judged on wvic_sesa; NOT the development TEST result"
2026-10-02T19:36:49+10:00,dryrun_g2,P1_R30,dev,TEST,same_predictions,12abd87370a7612f,82648e8ee15f0dc5,296073,persistent+octmar+at_risk,,"identical to the first call; DRY RUN (rehearsal): models fitted on nsw_cw only, judged on wvic_sesa; NOT the development TEST result"
2026-10-02T19:36:54+10:00,dryrun_tidemark,P1_R30,dev,TEST,same_predictions,89554e323aa45917,82648e8ee15f0dc5,296073,persistent+octmar+at_risk,dryrun_g2,"identical to the first call; DRY RUN (rehearsal): models fitted on nsw_cw only, judged on wvic_sesa; NOT the development TEST result"
2026-10-02T19:37:00+10:00,dryrun_g2,P1_R30,dev,TEST,same_predictions,12abd87370a7612f,ec7d501bee16d54e,296073,dam_like+at_risk,,"identical to the first call; DRY RUN (rehearsal): models fitted on nsw_cw only, judged on wvic_sesa; NOT the development TEST result"
2026-10-02T19:37:09+10:00,dryrun_tidemark,P1_R30,dev,TEST,same_predictions,89554e323aa45917,ec7d501bee16d54e,296073,dam_like+at_risk,dryrun_g2,"identical to the first call; DRY RUN (rehearsal): models fitted on nsw_cw only, judged on wvic_sesa; NOT the development TEST result"
2026-10-02T19:37:18+10:00,dryrun_g2,P1_R30_sens,dev,TEST,same_predictions,12abd87370a7612f,ec7d501bee16d54e,296073,dam_like+octmar+at_risk,,"identical to the first call; DRY RUN (rehearsal): models fitted on nsw_cw only, judged on wvic_sesa; NOT the development TEST result"
2026-10-02T19:37:25+10:00,dryrun_tidemark,P1_R30_sens,dev,TEST,same_predictions,89554e323aa45917,ec7d501bee16d54e,296073,dam_like+octmar+at_risk,dryrun_g2,"identical to the first call; DRY RUN (rehearsal): models fitted on nsw_cw only, judged on wvic_sesa; NOT the development TEST result"
2026-10-02T19:37:35+10:00,dryrun_g2,P1_D0,dev,TEST,same_predictions,7cd7b98c198c4846,a674280a662c2853,356644,dam_like+octmar+at_risk,,"identical to the first call; DRY RUN (rehearsal): models fitted on nsw_cw only, judged on wvic_sesa; NOT the development TEST result"
2026-10-02T19:37:50+10:00,dryrun_tidemark,P1_D0,dev,TEST,same_predictions,b1ff3df85861cef9,a674280a662c2853,356644,dam_like+octmar+at_risk,dryrun_g2,"identical to the first call; DRY RUN (rehearsal): models fitted on nsw_cw only, judged on wvic_sesa; NOT the development TEST result"
2026-10-02T19:38:07+10:00,dryrun_g2,P1_D0,dev,TEST,same_predictions,7cd7b98c198c4846,e9e4cba46c955aef,356644,persistent+octmar+at_risk,,"identical to the first call; DRY RUN (rehearsal): models fitted on nsw_cw only, judged on wvic_sesa; NOT the development TEST result"
2026-10-02T19:38:13+10:00,dryrun_tidemark,P1_D0,dev,TEST,same_predictions,b1ff3df85861cef9,e9e4cba46c955aef,356644,persistent+octmar+at_risk,dryrun_g2,"identical to the first call; DRY RUN (rehearsal): models fitted on nsw_cw only, judged on wvic_sesa; NOT the development TEST result"
2026-10-02T19:38:19+10:00,dryrun_g2,P1_D0,dev,TEST,same_predictions,7cd7b98c198c4846,a674280a662c2853,356644,dam_like+at_risk,,"identical to the first call; DRY RUN (rehearsal): models fitted on nsw_cw only, judged on wvic_sesa; NOT the development TEST result"
2026-10-02T19:38:29+10:00,dryrun_tidemark,P1_D0,dev,TEST,same_predictions,b1ff3df85861cef9,a674280a662c2853,356644,dam_like+at_risk,dryrun_g2,"identical to the first call; DRY RUN (rehearsal): models fitted on nsw_cw only, judged on wvic_sesa; NOT the development TEST result"
2026-10-02T19:38:42+10:00,dryrun_g2,P1_D0_sens,dev,TEST,same_predictions,7cd7b98c198c4846,a674280a662c2853,356644,dam_like+octmar+at_risk,,"identical to the first call; DRY RUN (rehearsal): models fitted on nsw_cw only, judged on wvic_sesa; NOT the development TEST result"
2026-10-02T19:38:49+10:00,dryrun_tidemark,P1_D0_sens,dev,TEST,same_predictions,b1ff3df85861cef9,a674280a662c2853,356644,dam_like+octmar+at_risk,dryrun_g2,"identical to the first call; DRY RUN (rehearsal): models fitted on nsw_cw only, judged on wvic_sesa; NOT the development TEST result"
2026-10-02T19:39:01+10:00,dryrun_g2,P1_D0g,dev,TEST,same_predictions,1148fd8c10200a84,5b3ea078ecac6da5,356644,dam_like+octmar+at_risk,,"identical to the first call; DRY RUN (rehearsal): models fitted on nsw_cw only, judged on wvic_sesa; NOT the development TEST result"
2026-10-02T19:39:16+10:00,dryrun_tidemark,P1_D0g,dev,TEST,same_predictions,55e8f0954e98a5c5,5b3ea078ecac6da5,356644,dam_like+octmar+at_risk,dryrun_g2,"identical to the first call; DRY RUN (rehearsal): models fitted on nsw_cw only, judged on wvic_sesa; NOT the development TEST result"
2026-10-02T19:39:33+10:00,dryrun_g2,P1_D0g,dev,TEST,same_predictions,1148fd8c10200a84,dedb07199f8408ee,356644,persistent+octmar+at_risk,,"identical to the first call; DRY RUN (rehearsal): models fitted on nsw_cw only, judged on wvic_sesa; NOT the development TEST result"
2026-10-02T19:39:38+10:00,dryrun_tidemark,P1_D0g,dev,TEST,same_predictions,55e8f0954e98a5c5,dedb07199f8408ee,356644,persistent+octmar+at_risk,dryrun_g2,"identical to the first call; DRY RUN (rehearsal): models fitted on nsw_cw only, judged on wvic_sesa; NOT the development TEST result"
2026-10-02T19:39:45+10:00,dryrun_g2,P1_D0g,dev,TEST,same_predictions,1148fd8c10200a84,5b3ea078ecac6da5,356644,dam_like+at_risk,,"identical to the first call; DRY RUN (rehearsal): models fitted on nsw_cw only, judged on wvic_sesa; NOT the development TEST result"
2026-10-02T19:39:55+10:00,dryrun_tidemark,P1_D0g,dev,TEST,same_predictions,55e8f0954e98a5c5,5b3ea078ecac6da5,356644,dam_like+at_risk,dryrun_g2,"identical to the first call; DRY RUN (rehearsal): models fitted on nsw_cw only, judged on wvic_sesa; NOT the development TEST result"
2026-10-02T19:40:07+10:00,dryrun_g2,P1_D0g_sens,dev,TEST,same_predictions,1148fd8c10200a84,5b3ea078ecac6da5,356644,dam_like+octmar+at_risk,,"identical to the first call; DRY RUN (rehearsal): models fitted on nsw_cw only, judged on wvic_sesa; NOT the development TEST result"
2026-10-02T19:40:14+10:00,dryrun_tidemark,P1_D0g_sens,dev,TEST,same_predictions,55e8f0954e98a5c5,5b3ea078ecac6da5,356644,dam_like+octmar+at_risk,dryrun_g2,"identical to the first call; DRY RUN (rehearsal): models fitted on nsw_cw only, judged on wvic_sesa; NOT the development TEST result"
2026-10-02T19:40:29+10:00,dryrun_tidemark,R30_curve,dev,TEST,same_predictions,b745c9f9f28100f8,14054353103b8328,296073,dam_like+octmar+at_risk,,"identical to the first call; DRY RUN (rehearsal): models fitted on nsw_cw only, judged on wvic_sesa; NOT the development TEST result"
2026-10-02T19:41:20+10:00,dryrun_tidemark,R30_curve,dev,TEST,same_predictions,b745c9f9f28100f8,14054353103b8328,296073,dam_like+at_risk,,"identical to the first call; DRY RUN (rehearsal): models fitted on nsw_cw only, judged on wvic_sesa; NOT the development TEST result"
2026-10-02T19:41:51+10:00,dryrun_tidemark,R30_curve,dev,TEST,same_predictions,b745c9f9f28100f8,f2f1844e67cce423,296073,persistent+octmar+at_risk,,"identical to the first call; DRY RUN (rehearsal): models fitted on nsw_cw only, judged on wvic_sesa; NOT the development TEST result"
2026-10-02T19:42:16+10:00,dryrun_tidemark,D0_curve,dev,TEST,same_predictions,0565366192468cc0,0efe91c118f113dd,356644,dam_like+octmar+at_risk,,"identical to the first call; DRY RUN (rehearsal): models fitted on nsw_cw only, judged on wvic_sesa; NOT the development TEST result"
2026-10-02T19:43:14+10:00,dryrun_tidemark,D0_curve,dev,TEST,same_predictions,0565366192468cc0,0efe91c118f113dd,356644,dam_like+at_risk,,"identical to the first call; DRY RUN (rehearsal): models fitted on nsw_cw only, judged on wvic_sesa; NOT the development TEST result"
2026-10-02T19:43:52+10:00,dryrun_tidemark,D0_curve,dev,TEST,same_predictions,0565366192468cc0,417978f63bf51732,356644,persistent+octmar+at_risk,,"identical to the first call; DRY RUN (rehearsal): models fitted on nsw_cw only, judged on wvic_sesa; NOT the development TEST result"
2026-10-02T19:44:10+10:00,dryrun_rain,P2_cell,dev,TEST,same_predictions,b4e9bd81f190c940,3d8c7c38cfea325e,6680,all,,"identical to the first call; DRY RUN (rehearsal): models fitted on nsw_cw only, judged on wvic_sesa; NOT the development TEST result"
2026-10-02T19:44:11+10:00,dryrun_rain+,P2_cell,dev,TEST,same_predictions,be3112da27c1ccc5,3d8c7c38cfea325e,6680,all,,"identical to the first call; DRY RUN (rehearsal): models fitted on nsw_cw only, judged on wvic_sesa; NOT the development TEST result"
2026-10-02T19:44:13+10:00,dryrun_b2,P2_cell,dev,TEST,same_predictions,4d3069cbf6a25d06,3d8c7c38cfea325e,6680,all,,"identical to the first call; DRY RUN (rehearsal): models fitted on nsw_cw only, judged on wvic_sesa; NOT the development TEST result"
2026-10-02T19:44:14+10:00,dryrun_tidemark,P2_cell,dev,TEST,same_predictions,6d39131ce6ebc9ba,3d8c7c38cfea325e,6680,all,dryrun_rain;dryrun_rain+;dryrun_b2,"identical to the first call; DRY RUN (rehearsal): models fitted on nsw_cw only, judged on wvic_sesa; NOT the development TEST result"
2026-10-02T19:44:17+10:00,dryrun_rain,P2_dam,dev,TEST,same_predictions,42d71be4589e706b,6017bb76e91742fc,7890,dam_like,,"identical to the first call; DRY RUN (rehearsal): models fitted on nsw_cw only, judged on wvic_sesa; NOT the development TEST result"
2026-10-02T19:44:18+10:00,dryrun_rain+,P2_dam,dev,TEST,same_predictions,c4d6876ca7721d60,6017bb76e91742fc,7890,dam_like,,"identical to the first call; DRY RUN (rehearsal): models fitted on nsw_cw only, judged on wvic_sesa; NOT the development TEST result"
2026-10-02T19:44:20+10:00,dryrun_b2,P2_dam,dev,TEST,same_predictions,f25dcdee8f364c6e,6017bb76e91742fc,7890,dam_like,,"identical to the first call; DRY RUN (rehearsal): models fitted on nsw_cw only, judged on wvic_sesa; NOT the development TEST result"
2026-10-02T19:44:22+10:00,dryrun_tidemark,P2_dam,dev,TEST,same_predictions,00b991bac0afe58d,6017bb76e91742fc,7890,dam_like,dryrun_rain;dryrun_rain+;dryrun_b2,"identical to the first call; DRY RUN (rehearsal): models fitted on nsw_cw only, judged on wvic_sesa; NOT the development TEST result"
2026-10-02T19:44:25+10:00,dryrun_rain,P2_dam_g,dev,TEST,same_predictions,d16ccb3226ff2d5a,5a39f281d9b02b0c,7890,dam_like,,"identical to the first call; DRY RUN (rehearsal): models fitted on nsw_cw only, judged on wvic_sesa; NOT the development TEST result"
2026-10-02T19:44:26+10:00,dryrun_rain+,P2_dam_g,dev,TEST,same_predictions,24096b5b6cbfc418,5a39f281d9b02b0c,7890,dam_like,,"identical to the first call; DRY RUN (rehearsal): models fitted on nsw_cw only, judged on wvic_sesa; NOT the development TEST result"
2026-10-02T19:44:28+10:00,dryrun_b2,P2_dam_g,dev,TEST,same_predictions,2e2486ebca299def,5a39f281d9b02b0c,7890,dam_like,,"identical to the first call; DRY RUN (rehearsal): models fitted on nsw_cw only, judged on wvic_sesa; NOT the development TEST result"
2026-10-02T19:44:29+10:00,dryrun_tidemark,P2_dam_g,dev,TEST,same_predictions,c4c616bba27fbc20,5a39f281d9b02b0c,7890,dam_like,dryrun_rain;dryrun_rain+;dryrun_b2,"identical to the first call; DRY RUN (rehearsal): models fitted on nsw_cw only, judged on wvic_sesa; NOT the development TEST result"
